Workbook

Sheet Erster Tag (2€)
A1: 44503 | B1: Gesamt | C1: Verkauft | D1: der 13. | E1: Haus | F1: Kunde | G1: Bruch | H1: Würfel | I1: Künstler | J1: Bargeld
A2: Punsch | B2: =Tabelle147[[#This Row],[Spalte3]]+Tabelle147[[#This Row],[Spalte4]]+Tabelle147[[#This Row],[Spalte5]]+Tabelle147[[#This Row],[Spalte6]]+Tabelle147[[#This Row],[Spalte7]]+Tabelle147[[#This Row],[Spalte8]]+Tabelle147[[#This Row],[Spalte9]] -> 0 | J2: =Tabelle147[[#This Row],[Spalte3]]*'Preise 2€'!B2 -> 0
A3: Jubi Punsch | B3: =Tabelle147[[#This Row],[Spalte3]]+Tabelle147[[#This Row],[Spalte4]]+Tabelle147[[#This Row],[Spalte5]]+Tabelle147[[#This Row],[Spalte6]]+Tabelle147[[#This Row],[Spalte7]]+Tabelle147[[#This Row],[Spalte8]]+Tabelle147[[#This Row],[Spalte9]] -> 0 | J3: =Tabelle147[[#This Row],[Spalte3]]*'Preise 2€'!B3 -> 0
A4: Kinderpunsch | B4: =Tabelle147[[#This Row],[Spalte3]]+Tabelle147[[#This Row],[Spalte4]]+Tabelle147[[#This Row],[Spalte5]]+Tabelle147[[#This Row],[Spalte6]]+Tabelle147[[#This Row],[Spalte7]]+Tabelle147[[#This Row],[Spalte8]]+Tabelle147[[#This Row],[Spalte9]] -> 0 | J4: =Tabelle147[[#This Row],[Spalte3]]*'Preise 2€'!B4 -> 0
A5: Knusperpunsch | B5: =Tabelle147[[#This Row],[Spalte3]]+Tabelle147[[#This Row],[Spalte4]]+Tabelle147[[#This Row],[Spalte5]]+Tabelle147[[#This Row],[Spalte6]]+Tabelle147[[#This Row],[Spalte7]]+Tabelle147[[#This Row],[Spalte8]]+Tabelle147[[#This Row],[Spalte9]] -> 0 | J5: =Tabelle147[[#This Row],[Spalte3]]*'Preise 2€'!B5 -> 0
A6: Turbopunsch | B6: =Tabelle147[[#This Row],[Spalte3]]+Tabelle147[[#This Row],[Spalte4]]+Tabelle147[[#This Row],[Spalte5]]+Tabelle147[[#This Row],[Spalte6]]+Tabelle147[[#This Row],[Spalte7]]+Tabelle147[[#This Row],[Spalte8]]+Tabelle147[[#This Row],[Spalte9]] -> 0 | J6: =Tabelle147[[#This Row],[Spalte3]]*'Preise 2€'!B6 -> 0
A7: Teufelspunsch | B7: =Tabelle147[[#This Row],[Spalte3]]+Tabelle147[[#This Row],[Spalte4]]+Tabelle147[[#This Row],[Spalte5]]+Tabelle147[[#This Row],[Spalte6]]+Tabelle147[[#This Row],[Spalte7]]+Tabelle147[[#This Row],[Spalte8]]+Tabelle147[[#This Row],[Spalte9]] -> 0 | J7: =Tabelle147[[#This Row],[Spalte3]]*'Preise 2€'!B7 -> 0
A8: Glögg | B8: =Tabelle147[[#This Row],[Spalte3]]+Tabelle147[[#This Row],[Spalte4]]+Tabelle147[[#This Row],[Spalte5]]+Tabelle147[[#This Row],[Spalte6]]+Tabelle147[[#This Row],[Spalte7]]+Tabelle147[[#This Row],[Spalte8]]+Tabelle147[[#This Row],[Spalte9]] -> 0 | J8: =Tabelle147[[#This Row],[Spalte3]]*'Preise 2€'!B8 -> 0
A9: Glühmost | B9: =Tabelle147[[#This Row],[Spalte3]]+Tabelle147[[#This Row],[Spalte4]]+Tabelle147[[#This Row],[Spalte5]]+Tabelle147[[#This Row],[Spalte6]]+Tabelle147[[#This Row],[Spalte7]]+Tabelle147[[#This Row],[Spalte8]]+Tabelle147[[#This Row],[Spalte9]] -> 0 | J9: =Tabelle147[[#This Row],[Spalte3]]*'Preise 2€'!B9 -> 0
A10: Glühwein | B10: =Tabelle147[[#This Row],[Spalte3]]+Tabelle147[[#This Row],[Spalte4]]+Tabelle147[[#This Row],[Spalte5]]+Tabelle147[[#This Row],[Spalte6]]+Tabelle147[[#This Row],[Spalte7]]+Tabelle147[[#This Row],[Spalte8]]+Tabelle147[[#This Row],[Spalte9]] -> 0 | J10: =Tabelle147[[#This Row],[Spalte3]]*'Preise 2€'!B10 -> 0
A11: Zipfer 0,3 | B11: =Tabelle147[[#This Row],[Spalte3]]+Tabelle147[[#This Row],[Spalte4]]+Tabelle147[[#This Row],[Spalte5]]+Tabelle147[[#This Row],[Spalte6]]+Tabelle147[[#This Row],[Spalte7]]+Tabelle147[[#This Row],[Spalte8]]+Tabelle147[[#This Row],[Spalte9]] -> 0 | J11: =Tabelle147[[#This Row],[Spalte3]]*'Preise 2€'!B11 -> 0
A12: Stiegl 0,3 | B12: =Tabelle147[[#This Row],[Spalte3]]+Tabelle147[[#This Row],[Spalte4]]+Tabelle147[[#This Row],[Spalte5]]+Tabelle147[[#This Row],[Spalte6]]+Tabelle147[[#This Row],[Spalte7]]+Tabelle147[[#This Row],[Spalte8]]+Tabelle147[[#This Row],[Spalte9]] -> 0 | J12: =Tabelle147[[#This Row],[Spalte3]]*'Preise 2€'!B12 -> 0
A13: Spritzer weiß | B13: =Tabelle147[[#This Row],[Spalte3]]+Tabelle147[[#This Row],[Spalte4]]+Tabelle147[[#This Row],[Spalte5]]+Tabelle147[[#This Row],[Spalte6]]+Tabelle147[[#This Row],[Spalte7]]+Tabelle147[[#This Row],[Spalte8]]+Tabelle147[[#This Row],[Spalte9]] -> 0 | J13: =Tabelle147[[#This Row],[Spalte3]]*'Preise 2€'!B13 -> 0
... A44: Bosnaweckerl | B44: =Tabelle147[[#This Row],[Spalte3]]+Tabelle147[[#This Row],[Spalte4]]+Tabelle147[[#This Row],[Spalte5]]+Tabelle147[[#This Row],[Spalte6]]+Tabelle147[[#This Row],[Spalte7]]+Tabelle147[[#This Row],[Spalte8]]+Tabelle147[[#This Row],[Spalte9]] -> 0 | J44: =Tabelle147[[#This Row],[Spalte3]]*'Preise 2€'!B44 -> 0
C45: Kassenstand: | G45: Gesamt: | I45: =SUM(J2:J45) -> 0
C46: Differenz: | E46: =E45-I45 -> 0

Sheet Vorlage normal
A1: Datum | B1: Gesamt | C1: Verkauft | D1: der 13. | E1: Haus | F1: Kunde | G1: Bruch | H1: Würfel | I1: Künstler | J1: Bargeld
B2: =Tabelle145[[#This Row],[Spalte3]]+Tabelle145[[#This Row],[Spalte4]]+Tabelle145[[#This Row],[Spalte5]]+Tabelle145[[#This Row],[Spalte6]]+Tabelle145[[#This Row],[Spalte7]]+Tabelle145[[#This Row],[Spalte8]]+Tabelle145[[#This Row],[Spalte9]] -> 0 | J2: =Tabelle145[[#This Row],[Spalte3]]*'Preise normal'!B2 -> 0
B3: =Tabelle145[[#This Row],[Spalte3]]+Tabelle145[[#This Row],[Spalte4]]+Tabelle145[[#This Row],[Spalte5]]+Tabelle145[[#This Row],[Spalte6]]+Tabelle145[[#This Row],[Spalte7]]+Tabelle145[[#This Row],[Spalte8]]+Tabelle145[[#This Row],[Spalte9]] -> 0 | J3: =Tabelle145[[#This Row],[Spalte3]]*'Preise normal'!B3 -> 0
B4: =Tabelle145[[#This Row],[Spalte3]]+Tabelle145[[#This Row],[Spalte4]]+Tabelle145[[#This Row],[Spalte5]]+Tabelle145[[#This Row],[Spalte6]]+Tabelle145[[#This Row],[Spalte7]]+Tabelle145[[#This Row],[Spalte8]]+Tabelle145[[#This Row],[Spalte9]] -> 0 | J4: =Tabelle145[[#This Row],[Spalte3]]*'Preise normal'!B4 -> 0
B5: =Tabelle145[[#This Row],[Spalte3]]+Tabelle145[[#This Row],[Spalte4]]+Tabelle145[[#This Row],[Spalte5]]+Tabelle145[[#This Row],[Spalte6]]+Tabelle145[[#This Row],[Spalte7]]+Tabelle145[[#This Row],[Spalte8]]+Tabelle145[[#This Row],[Spalte9]] -> 0 | J5: =Tabelle145[[#This Row],[Spalte3]]*'Preise normal'!B5 -> 0
B6: =Tabelle145[[#This Row],[Spalte3]]+Tabelle145[[#This Row],[Spalte4]]+Tabelle145[[#This Row],[Spalte5]]+Tabelle145[[#This Row],[Spalte6]]+Tabelle145[[#This Row],[Spalte7]]+Tabelle145[[#This Row],[Spalte8]]+Tabelle145[[#This Row],[Spalte9]] -> 0 | J6: =Tabelle145[[#This Row],[Spalte3]]*'Preise normal'!B6 -> 0
B7: =Tabelle145[[#This Row],[Spalte3]]+Tabelle145[[#This Row],[Spalte4]]+Tabelle145[[#This Row],[Spalte5]]+Tabelle145[[#This Row],[Spalte6]]+Tabelle145[[#This Row],[Spalte7]]+Tabelle145[[#This Row],[Spalte8]]+Tabelle145[[#This Row],[Spalte9]] -> 0 | J7: =Tabelle145[[#This Row],[Spalte3]]*'Preise normal'!B7 -> 0
B8: =Tabelle145[[#This Row],[Spalte3]]+Tabelle145[[#This Row],[Spalte4]]+Tabelle145[[#This Row],[Spalte5]]+Tabelle145[[#This Row],[Spalte6]]+Tabelle145[[#This Row],[Spalte7]]+Tabelle145[[#This Row],[Spalte8]]+Tabelle145[[#This Row],[Spalte9]] -> 0 | J8: =Tabelle145[[#This Row],[Spalte3]]*'Preise normal'!B8 -> 0
B9: =Tabelle145[[#This Row],[Spalte3]]+Tabelle145[[#This Row],[Spalte4]]+Tabelle145[[#This Row],[Spalte5]]+Tabelle145[[#This Row],[Spalte6]]+Tabelle145[[#This Row],[Spalte7]]+Tabelle145[[#This Row],[Spalte8]]+Tabelle145[[#This Row],[Spalte9]] -> 0 | J9: =Tabelle145[[#This Row],[Spalte3]]*'Preise normal'!B9 -> 0
B10: =Tabelle145[[#This Row],[Spalte3]]+Tabelle145[[#This Row],[Spalte4]]+Tabelle145[[#This Row],[Spalte5]]+Tabelle145[[#This Row],[Spalte6]]+Tabelle145[[#This Row],[Spalte7]]+Tabelle145[[#This Row],[Spalte8]]+Tabelle145[[#This Row],[Spalte9]] -> 0 | J10: =Tabelle145[[#This Row],[Spalte3]]*'Preise normal'!B10 -> 0
B11: =Tabelle145[[#This Row],[Spalte3]]+Tabelle145[[#This Row],[Spalte4]]+Tabelle145[[#This Row],[Spalte5]]+Tabelle145[[#This Row],[Spalte6]]+Tabelle145[[#This Row],[Spalte7]]+Tabelle145[[#This Row],[Spalte8]]+Tabelle145[[#This Row],[Spalte9]] -> 0 | J11: =Tabelle145[[#This Row],[Spalte3]]*'Preise normal'!B11 -> 0
B12: =Tabelle145[[#This Row],[Spalte3]]+Tabelle145[[#This Row],[Spalte4]]+Tabelle145[[#This Row],[Spalte5]]+Tabelle145[[#This Row],[Spalte6]]+Tabelle145[[#This Row],[Spalte7]]+Tabelle145[[#This Row],[Spalte8]]+Tabelle145[[#This Row],[Spalte9]] -> 0 | J12: =Tabelle145[[#This Row],[Spalte3]]*'Preise normal'!B12 -> 0
B13: =Tabelle145[[#This Row],[Spalte3]]+Tabelle145[[#This Row],[Spalte4]]+Tabelle145[[#This Row],[Spalte5]]+Tabelle145[[#This Row],[Spalte6]]+Tabelle145[[#This Row],[Spalte7]]+Tabelle145[[#This Row],[Spalte8]]+Tabelle145[[#This Row],[Spalte9]] -> 0 | J13: =Tabelle145[[#This Row],[Spalte3]]*'Preise normal'!B13 -> 0
... B44: =Tabelle145[[#This Row],[Spalte3]]+Tabelle145[[#This Row],[Spalte4]]+Tabelle145[[#This Row],[Spalte5]]+Tabelle145[[#This Row],[Spalte6]]+Tabelle145[[#This Row],[Spalte7]]+Tabelle145[[#This Row],[Spalte8]]+Tabelle145[[#This Row],[Spalte9]] -> 0 | J44: =Tabelle145[[#This Row],[Spalte3]]*'Preise normal'!B44 -> 0
C45: Kassenstand: | G45: Gesamt: | I45: =SUM(J2:J45) -> 0
C46: Differenz: | E46: =E45-I45 -> 0

Sheet Vorlage 2€
A1: Datum | B1: Gesamt | C1: Verkauft | D1: der 13. | E1: Haus | F1: Kunde | G1: Bruch | H1: Würfel | I1: Künstler | J1: Bargeld
A2: Punsch | B2: =Tabelle14[[#This Row],[Spalte3]]+Tabelle14[[#This Row],[Spalte4]]+Tabelle14[[#This Row],[Spalte5]]+Tabelle14[[#This Row],[Spalte6]]+Tabelle14[[#This Row],[Spalte7]]+Tabelle14[[#This Row],[Spalte8]]+Tabelle14[[#This Row],[Spalte9]] -> 0 | J2: =Tabelle14[[#This Row],[Spalte3]]*'Preise 2€'!B2 -> 0
A3: Jubi Punsch | B3: =Tabelle14[[#This Row],[Spalte3]]+Tabelle14[[#This Row],[Spalte4]]+Tabelle14[[#This Row],[Spalte5]]+Tabelle14[[#This Row],[Spalte6]]+Tabelle14[[#This Row],[Spalte7]]+Tabelle14[[#This Row],[Spalte8]]+Tabelle14[[#This Row],[Spalte9]] -> 0 | J3: =Tabelle14[[#This Row],[Spalte3]]*'Preise 2€'!B3 -> 0
A4: Kinderpunsch | B4: =Tabelle14[[#This Row],[Spalte3]]+Tabelle14[[#This Row],[Spalte4]]+Tabelle14[[#This Row],[Spalte5]]+Tabelle14[[#This Row],[Spalte6]]+Tabelle14[[#This Row],[Spalte7]]+Tabelle14[[#This Row],[Spalte8]]+Tabelle14[[#This Row],[Spalte9]] -> 0 | J4: =Tabelle14[[#This Row],[Spalte3]]*'Preise 2€'!B4 -> 0
A5: Knusperpunsch | B5: =Tabelle14[[#This Row],[Spalte3]]+Tabelle14[[#This Row],[Spalte4]]+Tabelle14[[#This Row],[Spalte5]]+Tabelle14[[#This Row],[Spalte6]]+Tabelle14[[#This Row],[Spalte7]]+Tabelle14[[#This Row],[Spalte8]]+Tabelle14[[#This Row],[Spalte9]] -> 0 | J5: =Tabelle14[[#This Row],[Spalte3]]*'Preise 2€'!B5 -> 0
A6: Turbopunsch | B6: =Tabelle14[[#This Row],[Spalte3]]+Tabelle14[[#This Row],[Spalte4]]+Tabelle14[[#This Row],[Spalte5]]+Tabelle14[[#This Row],[Spalte6]]+Tabelle14[[#This Row],[Spalte7]]+Tabelle14[[#This Row],[Spalte8]]+Tabelle14[[#This Row],[Spalte9]] -> 0 | J6: =Tabelle14[[#This Row],[Spalte3]]*'Preise 2€'!B6 -> 0
A7: Teufelspunsch | B7: =Tabelle14[[#This Row],[Spalte3]]+Tabelle14[[#This Row],[Spalte4]]+Tabelle14[[#This Row],[Spalte5]]+Tabelle14[[#This Row],[Spalte6]]+Tabelle14[[#This Row],[Spalte7]]+Tabelle14[[#This Row],[Spalte8]]+Tabelle14[[#This Row],[Spalte9]] -> 0 | J7: =Tabelle14[[#This Row],[Spalte3]]*'Preise 2€'!B7 -> 0
A8: Glögg | B8: =Tabelle14[[#This Row],[Spalte3]]+Tabelle14[[#This Row],[Spalte4]]+Tabelle14[[#This Row],[Spalte5]]+Tabelle14[[#This Row],[Spalte6]]+Tabelle14[[#This Row],[Spalte7]]+Tabelle14[[#This Row],[Spalte8]]+Tabelle14[[#This Row],[Spalte9]] -> 0 | J8: =Tabelle14[[#This Row],[Spalte3]]*'Preise 2€'!B8 -> 0
A9: Glühmost | B9: =Tabelle14[[#This Row],[Spalte3]]+Tabelle14[[#This Row],[Spalte4]]+Tabelle14[[#This Row],[Spalte5]]+Tabelle14[[#This Row],[Spalte6]]+Tabelle14[[#This Row],[Spalte7]]+Tabelle14[[#This Row],[Spalte8]]+Tabelle14[[#This Row],[Spalte9]] -> 0 | J9: =Tabelle14[[#This Row],[Spalte3]]*'Preise 2€'!B9 -> 0
A10: Glühwein | B10: =Tabelle14[[#This Row],[Spalte3]]+Tabelle14[[#This Row],[Spalte4]]+Tabelle14[[#This Row],[Spalte5]]+Tabelle14[[#This Row],[Spalte6]]+Tabelle14[[#This Row],[Spalte7]]+Tabelle14[[#This Row],[Spalte8]]+Tabelle14[[#This Row],[Spalte9]] -> 0 | J10: =Tabelle14[[#This Row],[Spalte3]]*'Preise 2€'!B10 -> 0
A11: Zipfer 0,3 | B11: =Tabelle14[[#This Row],[Spalte3]]+Tabelle14[[#This Row],[Spalte4]]+Tabelle14[[#This Row],[Spalte5]]+Tabelle14[[#This Row],[Spalte6]]+Tabelle14[[#This Row],[Spalte7]]+Tabelle14[[#This Row],[Spalte8]]+Tabelle14[[#This Row],[Spalte9]] -> 0 | J11: =Tabelle14[[#This Row],[Spalte3]]*'Preise 2€'!B11 -> 0
A12: Stiegl 0,3 | B12: =Tabelle14[[#This Row],[Spalte3]]+Tabelle14[[#This Row],[Spalte4]]+Tabelle14[[#This Row],[Spalte5]]+Tabelle14[[#This Row],[Spalte6]]+Tabelle14[[#This Row],[Spalte7]]+Tabelle14[[#This Row],[Spalte8]]+Tabelle14[[#This Row],[Spalte9]] -> 0 | J12: =Tabelle14[[#This Row],[Spalte3]]*'Preise 2€'!B12 -> 0
A13: Spritzer weiß | B13: =Tabelle14[[#This Row],[Spalte3]]+Tabelle14[[#This Row],[Spalte4]]+Tabelle14[[#This Row],[Spalte5]]+Tabelle14[[#This Row],[Spalte6]]+Tabelle14[[#This Row],[Spalte7]]+Tabelle14[[#This Row],[Spalte8]]+Tabelle14[[#This Row],[Spalte9]] -> 0 | J13: =Tabelle14[[#This Row],[Spalte3]]*'Preise 2€'!B13 -> 0
... A44: Bosnaweckerl | B44: =Tabelle14[[#This Row],[Spalte3]]+Tabelle14[[#This Row],[Spalte4]]+Tabelle14[[#This Row],[Spalte5]]+Tabelle14[[#This Row],[Spalte6]]+Tabelle14[[#This Row],[Spalte7]]+Tabelle14[[#This Row],[Spalte8]]+Tabelle14[[#This Row],[Spalte9]] -> 0 | J44: =Tabelle14[[#This Row],[Spalte3]]*'Preise 2€'!B44 -> 0
C45: Kassenstand: | G45: Gesamt: | I45: =SUM(J2:J45) -> 0
C46: Differenz: | E46: =E45-I45 -> 0

Sheet Preise normal
A1: Artikel | B1: Preis
A2: Punsch | B2: 3.8
A3: Jubi Punsch | B3: 4.2
A4: Kinderpunsch | B4: 3.3
A5: Knusperpunsch | B5: 4.2
A6: Turbopunsch | B6: 4.8
A7: Teufelspunsch | B7: 4.8
A8: Glögg | B8: 4.8
A9: Glühmost | B9: 3.3
A10: Glühwein | B10: 3.8
A11: Zipfer 0,3 | B11: 3.8
A12: Stiegl 0,3 | B12: 3.8
A13: Spritzer weiß | B13: 3.7
... A44: Bosnaweckerl | B44: 1.5

Sheet Preise 2€
A1: Artikel | B1: Preis
A2: Punsch | B2: 2
A3: Jubi Punsch | B3: 2
A4: Kinderpunsch | B4: 2
A5: Knusperpunsch | B5: 2
A6: Turbopunsch | B6: 2
A7: Teufelspunsch | B7: 2
A8: Glögg | B8: 2
A9: Glühmost | B9: 2
A10: Glühwein | B10: 2
A11: Zipfer 0,3 | B11: 2
A12: Stiegl 0,3 | B12: 2
A13: Spritzer weiß | B13: 2
... A44: Bosnaweckerl | B44: 1.5
